﻿1,이화진선미(기세),1,3
1,이화진선미(나리),1,2
2,사고와표현,2,5
3,글로벌의사소통(대영),1,3
4,글로벌의사소통(제외국어),2,4
4,글로벌의사소통(고영),1,3
5,융복합(문학과언어),1,3
5,융복합(표현과예술),1,3
5,융복합(역사와철학),1,3
5,융복합(인간과사회),1,3
5,융복합(과학과기술),1,3
6,융합기초,1,3
7,전공기초(필수),7,13
7,전공기초(과학),1,3
7,전공기초(물리),1,3
7,전공기초(C),1,3
7,전공기초(미적),1,3
7,전공기초(선택)#글엔기,1,1
7,전공기초(수학),2,6
8,전공(필수),6,18
8,전공(선택),15,45
9,이화진선미(기세),1,3
9,이화진선미(나리),1,2
10,사고와표현,2,5
11,글로벌의사소통(대영),1,3
12,글로벌의사소통(제외국어),2,4
12,글로벌의사소통(고영),1,3
13,융복합(문학과언어),1,3
13,융복합(표현과예술),1,3
13,융복합(역사와철학),1,3
13,융복합(인간과사회),1,3
13,융복합(과학과기술),1,3
14,융합기초,1,3
15,전공기초(필수),7,13
15,전공기초(과학),1,3
15,전공기초(물리),1,3
15,전공기초(C),1,3
15,전공기초(미적),1,3
15,전공기초(선택),1,1
15,전공기초(수학),2,6
16,전공(필수),6,18
16,전공(선택),15,45
17,이화진선미(기세),1,3
18,사고와표현,1,3
19,글로벌의사소통,2,6
21,융복합(문학과언어),1,3
21,융복합(예술과표현),1,3
21,융복합(역사와철학),1,3
21,융복합(인간과사회),1,3
21,융복합(과학과기술),1,3
20,컴퓨팅과수리적사고,1,3
22,전공기초(필수),5,11
22,전공기초(과학),1,3
22,전공기초(물리),1,3
22,전공기초(C),1,3
22,전공기초(미적),1,3
22,전공기초(선택),1,3
22,전공기초(수학),2,6
23,전공(필수),6,18
23,전공(선택),15,45
24,이화진선미(기세),1,3
25,사고와표현,1,3
26,글로벌의사소통,2,6
28,융복합(문학과언어),1,3
28,융복합(예술과표현),1,3
28,융복합(역사와철학),1,3
28,융복합(인간과사회),1,3
28,융복합(과학과기술),1,3
27,컴퓨팅과수리적사고,1,3
29,전공기초(필수),5,11
29,전공기초(과학),1,3
29,전공기초(물리),1,3
29,전공기초(C),1,3
29,전공기초(미적),1,3
29,전공기초(선택),1,3
29,전공기초(수학),2,6
30,전공(필수),6,18
30,전공(선택),15,45
